INSERT INTO author (id, first_name, middle_name, last_name)
VALUES  (1, 'Джон', 'Роналд Руэл', 'Толкин'),
        (2, 'Джордж', 'NULL', 'Оруэлл'),
        (3, 'Джоан', 'Кэтлин', 'Роулинг'),
        (4, 'Фрэнк', 'NULL', 'Герберт'),
        (5, 'Льюис', 'NULL', 'Кэрролл'),
        (6, 'Клайв', 'Стейплз', 'Льюис'),
        (7, 'Джордж', 'Рэймонд Ричард', 'Мартин'),
        (8, 'Стивен', 'Эдвин', 'Кинг')

INSERT INTO genre (id, genre_name)
VALUES  (1, 'Фантастика'),
        (2, 'Научная фантастика'),
        (3, 'Космическая фантастика'),
        (4, 'Детективная фантастика'),
        (5, 'Детская фантастика'),
        (6, 'Постапокалипсис'),
        (7, 'Фэнтези'),
        (8, 'Городское фэнтези'),
        (9, 'Стимпанк'),
        (10, 'Киберпанк'),
        (11, 'Антиутопия'),
        (12, 'Роман'),
        (13, 'Повесть'),
        (14, 'Зарубежная классика'),
        (15, 'Историческая проза'),
        (16, 'Русская классическая проза'),
        (17, 'Зарубежная классическая проза'),
        (18, 'Средневековая классическая проза'),
        (19, 'Проза о войне'),
        (20, 'Классическая проза'),
        (21, 'Проза'),
        (22, 'Проза для детей'),
        (23, 'Приключения'),
        (24, 'Исторические приключения'),
        (25, 'Морские приключения'),
        (26, 'Поэзия'),
        (27, 'Русская поэзия'),
        (28, 'Детская литература'),
        (29, 'Русские сказки'),
        (30, 'Сказки народов мира'),
        (31, 'Любовные романы'),
        (32, 'Остросюжетные любовные романы'),
        (33, 'Детективы'),
        (34, 'Детские детективы'),
        (35, 'Криминальный детектив'),
        (36, 'Психологический детектив'),
        (37, 'Исторический детектив'),
        (38, 'Классический детектив'),
        (39, 'Мистика'),
        (40, 'Триллер'),
        (41, 'Ужасы'),
        (42, 'Зарубежное фэнтези')

INSERT INTO person (id, first_name, last_name, middle_name, birth_date)
VALUES  (1, 'Сергеев', 'Василий', 'Владимирович', '1971-12-28'),
        (2, 'Панфилов', 'Андрей', 'Артёмович', '1975-04-30'),
        (3, 'Медведева', 'Майя', 'Савельевна', '1987-11-13'),
        (4, 'Соловьев', 'Лев', 'Степанович', '1984-04-28'),
        (5, 'Зайцев', 'Макар', 'Олегович', '1963-02-28')

INSERT INTO book (id, name, author_id)
VALUES  (1, 'Властелин Колец', 1),
        (2, 'Хоббит, или Туда и Обратно', 1),
        (3, 'Хоббит', 1),
        (4, 'Возвращение Короля', 1),
        (5, 'Сильмариллион', 1),
        (6, '1984', 2),
        (7, 'Скотный двор', 2),
        (8, 'Дочь священника', 2),
        (9, 'Да здравствует фикус!', 2),
        (10, 'Дни в Бирме', 2),
        (11, 'Гарри Поттер и философский камень', 3),
        (12, 'Гарри Поттер и Тайная комната', 3),
        (13, 'Гарри Поттер и узник Азкабана', 3),
        (14, 'Гарри Поттер и Кубок огня', 3),
        (15, 'Гарри Поттер и Орден Феникса', 3),
        (16, 'Гарри Поттер и принц-полукровка', 3),
        (17, 'Гарри Поттер и Дары Смерти', 3),
        (18, 'Сказки барда Бидля', 3),
        (19, 'Фантастические твари и где они обитают', 3),
        (20, 'Фантастические твари: Преступления Грин-де-Вальда', 3),
        (21, 'Дюна', 4),
        (22, 'Мессия Дюны', 4),
        (23, 'Дети Дюны', 4),
        (24, 'Бог-Император Дюны', 4),
        (25, 'Еретики Дюны', 4),
        (26, 'Капитул Дюны', 4),
        (27, 'Алиса в Стране чудес', 5),
        (28, 'Алиса в Зазеркалье', 5),
        (29, 'Охота на Снарка', 5),
        (30, 'Лев, Колдунья и Платяной шкаф', 6),
        (31, 'Принц Каспиан', 6),
        (32, 'Покоритель Зари, или Плавание на край света', 6),
        (33, 'Серебряное кресло', 6),
        (34, 'Конь и его мальчик', 6),
        (35, 'Племянник чародея', 6),
        (36, 'Последняя битва', 6),
        (37, 'Игра престолов', 7),
        (38, 'Битва королей', 7),
        (39, 'Буря мечей', 7),
        (40, 'Пир стервятников', 7),
        (41, 'Танец с драконами', 7),
        (42, 'Оно', 8),
        (43, 'Сияние', 8),
        (44, 'Лавка дурных снов', 8),
        (45, 'Доктор Сон', 8),
        (46, 'Мизери', 8),
        (47, 'Зелёная миля', 8),
        (48, 'Ловец снов', 8) 

INSERT INTO book_genre (book_id, genre_id)
VALUES  (1, 7), 
        (2, 7), (2, 23),
        (3, 7), (3, 23), 
        (4, 7), 
        (5, 7),
        (6, 11), 
        (7, 14), (7, 17), (7, 20), 
        (8, 14), (8, 17), 
        (9, 14), (9, 17), 
        (10, 14), (10, 17), (10, 20),
        (11, 7), (11, 42), (11, 28), 
        (12, 7), (12, 42), (12, 28), 
        (13, 7), (13, 42), (13, 28), 
        (14, 7), (14, 42), (14, 28), 
        (15, 7), (15, 42), (15, 28),
        (16, 7), (16, 42), (16, 28), 
        (17, 7), (17, 42), (17, 28), 
        (18, 7), (18, 42), (18, 28), 
        (19, 7), (19, 42), (19, 28), 
        (20, 1), (20, 3),
        (21, 1), (21, 3), 
        (22, 1), (22, 3), 
        (23, 1), (23, 3), 
        (24, 1), (24, 3), 
        (25, 1), (25, 3), 
        (26, 1), (26, 3), 
        (27, 30), (27, 28), (27, 23), 
        (28, 30), (28, 28), (28, 23), 
        (29, 30), (29, 28), (29, 23), 
        (30, 7), (30, 42), (30, 23), 
        (31, 7), (31, 42), (31, 23), 
        (32, 7), (32, 42), (32, 23), 
        (33, 7), (33, 42), (33, 23), 
        (34, 7), (34, 42), (34, 23), 
        (35, 7), (35, 42), (35, 23), 
        (36, 7), (36, 42), (36, 23), 
        (37, 7), (37, 42),
        (38, 7), (38, 42),
        (39, 7), (39, 42),
        (40, 7), (40, 42),
        (41, 7), (41, 42),
        (42, 39), (42, 41), 
        (43, 39), (43, 41), 
        (44, 39), (44, 41),
        (45, 39), (45, 40), 
        (46, 40), (46, 41), 
        (47, 39), (47, 40), (47, 41)

INSERT INTO library_card (book_id, person_id)
VALUES  (33, 2),
        (15, 2),
        (29, 4),
        (14, 2),
        (10, 2),
        (21, 1),
        (28, 4),
        (7, 4),
        (27, 3),
        (12, 5)